timestamp_utc,elapsed_seconds,connected,rotation_hz,point_count,scan_point_count,last_update,error
2026-07-24T06:02:31.975751+00:00,0.007,True,9.744444444444444,467,467,1784872951.8937993,
2026-07-24T06:02:37.042071+00:00,5.073,True,10.097222222222221,450,450,1784872956.8970356,
2026-07-24T06:02:42.055442+00:00,10.087,True,10.052777777777777,451,451,1784872961.9314568,
2026-07-24T06:02:47.101115+00:00,15.132,True,9.852777777777778,460,460,1784872967.0153034,
2026-07-24T06:02:52.202918+00:00,20.234,True,10.019444444444444,454,454,1784872972.0626273,
2026-07-24T06:02:57.243586+00:00,25.275,True,10.030555555555555,453,453,1784872977.2053378,
2026-07-24T06:03:02.483658+00:00,30.515,True,10.077777777777778,451,451,1784872982.3758168,
2026-07-24T06:03:07.590960+00:00,35.622,True,10.075,451,451,1784872987.5416174,
2026-07-24T06:03:12.755529+00:00,40.787,True,10.105555555555556,450,450,1784872992.6102474,
2026-07-24T06:03:17.765441+00:00,45.797,True,9.83611111111111,462,462,1784872997.6331508,
2026-07-24T06:03:22.804971+00:00,50.836,True,9.844444444444445,451,451,1784873002.6808043,
2026-07-24T06:03:27.844582+00:00,55.876,True,10.08611111111111,451,451,1784873007.7136705,
2026-07-24T06:03:32.878101+00:00,60.909,True,9.988888888888889,455,455,1784873012.766219,
2026-07-24T06:03:38.028581+00:00,66.06,True,9.886111111111111,461,461,1784873017.9363532,
2026-07-24T06:03:43.119306+00:00,71.15,True,10.027777777777779,452,452,1784873023.0128844,
2026-07-24T06:03:48.253107+00:00,76.284,True,10.116666666666667,449,449,1784873028.1484687,
2026-07-24T06:03:53.332378+00:00,81.364,True,10.122222222222222,450,450,1784873033.231423,
2026-07-24T06:03:58.497750+00:00,86.529,True,10.061111111111112,451,451,1784873038.4853575,
2026-07-24T06:04:04.107583+00:00,92.139,True,10.030555555555555,453,453,1784873043.9858418,
2026-07-24T06:04:09.199205+00:00,97.23,True,10.11111111111111,450,450,1784873049.0890014,
2026-07-24T06:04:14.338891+00:00,102.37,True,10.130555555555556,448,448,1784873054.351159,
2026-07-24T06:04:19.877531+00:00,107.909,True,10.127777777777778,449,449,1784873059.7505429,
2026-07-24T06:04:24.945544+00:00,112.977,True,9.988888888888889,455,455,1784873064.8598518,
2026-07-24T06:04:30.022217+00:00,118.053,True,9.819444444444445,463,463,1784873069.9150376,
2026-07-24T06:04:35.123666+00:00,123.155,True,10.102777777777778,450,450,1784873075.3631148,
2026-07-24T06:04:41.131344+00:00,129.162,True,9.86111111111111,460,460,1784873081.075216,
2026-07-24T06:04:46.312315+00:00,134.343,True,9.816666666666666,463,464,1784873086.2433503,
2026-07-24T06:04:51.736471+00:00,139.768,True,10.11111111111111,449,450,1784873091.8683393,
2026-07-24T06:04:57.077466+00:00,145.109,True,10.141666666666667,448,448,1784873097.0171154,
2026-07-24T06:05:02.405363+00:00,150.437,True,10.155555555555555,445,447,1784873102.4172544,
2026-07-24T06:05:07.723281+00:00,155.754,True,10.036111111111111,453,453,1784873107.637547,
2026-07-24T06:05:12.797969+00:00,160.829,True,10.019444444444444,452,453,1784873112.697946,
2026-07-24T06:05:17.910925+00:00,165.942,True,9.855555555555556,462,462,1784873117.7968428,
2026-07-24T06:05:22.971649+00:00,171.003,True,10.036111111111111,453,453,1784873122.8628976,
2026-07-24T06:05:28.064224+00:00,176.095,True,10.13888888888889,448,448,1784873128.02561,
2026-07-24T06:05:33.301453+00:00,181.333,True,10.080555555555556,450,450,1784873133.1893141,
2026-07-24T06:05:38.366127+00:00,186.397,True,9.988888888888889,456,456,1784873138.2747574,
2026-07-24T06:05:43.442784+00:00,191.474,True,10.069444444444445,452,452,1784873144.5326684,
2026-07-24T06:05:49.978307+00:00,198.009,True,9.963888888888889,457,457,1784873153.3511925,
2026-07-24T06:06:00.330121+00:00,208.361,True,10.069444444444445,450,450,1784873160.2265058,
2026-07-24T06:06:05.474482+00:00,213.506,True,9.983333333333333,455,455,1784873165.4415624,
2026-07-24T06:06:10.962686+00:00,218.994,True,10.061111111111112,452,452,1784873170.854754,
2026-07-24T06:06:16.108722+00:00,224.14,True,10.033333333333333,454,454,1784873176.6086223,
2026-07-24T06:06:21.986328+00:00,230.017,True,9.933333333333334,458,459,1784873182.152043,
2026-07-24T06:06:27.545057+00:00,235.576,True,10.077777777777778,451,451,1784873188.4791434,
2026-07-24T06:06:34.820385+00:00,242.852,True,9.902777777777779,458,458,1784873194.7834737,
2026-07-24T06:06:39.969382+00:00,248.001,True,9.880555555555556,461,461,1784873199.8729951,
2026-07-24T06:06:45.130284+00:00,253.161,True,10.061111111111112,453,453,1784873205.0296662,
2026-07-24T06:06:50.306513+00:00,258.338,True,9.969444444444445,456,456,1784873210.4241698,
2026-07-24T06:06:55.783195+00:00,263.814,True,10.03888888888889,453,453,1784873215.8808408,
2026-07-24T06:07:01.328102+00:00,269.359,True,10.069444444444445,447,447,1784873222.5409026,
2026-07-24T06:07:07.777902+00:00,275.809,True,10.077777777777778,449,450,1784873227.8145416,
2026-07-24T06:07:13.286796+00:00,281.318,True,10.041666666666666,453,453,1784873233.6987624,
2026-07-24T06:07:19.347269+00:00,287.378,True,9.758333333333333,466,466,1784873240.2753277,
2026-07-24T06:07:27.850394+00:00,295.882,True,9.78888888888889,465,465,1784873248.654452,
2026-07-24T06:07:33.840908+00:00,301.872,True,9.869444444444444,461,461,1784873254.4169989,
2026-07-24T06:07:40.067170+00:00,308.098,True,10.108333333333333,449,449,1784873260.1025388,
2026-07-24T06:07:45.338194+00:00,313.367,True,10.105555555555556,450,450,1784873265.2532191,
2026-07-24T06:07:50.658599+00:00,318.69,True,10.130555555555556,449,449,1784873270.6140313,
2026-07-24T06:07:55.908238+00:00,323.939,True,10.083333333333334,451,451,1784873275.7976143,
2026-07-24T06:08:00.949376+00:00,328.98,True,10.061111111111112,452,452,1784873280.847184,
2026-07-24T06:08:05.993858+00:00,334.025,True,10.027777777777779,453,453,1784873285.907885,
2026-07-24T06:08:11.107923+00:00,339.139,True,10.230555555555556,446,446,1784873291.0036476,
2026-07-24T06:08:16.212791+00:00,344.244,True,10.13888888888889,448,448,1784873296.162433,
2026-07-24T06:08:21.430377+00:00,349.462,True,10.016666666666667,453,453,1784873301.3690126,
2026-07-24T06:08:26.674845+00:00,354.706,True,9.827777777777778,463,463,1784873306.5902014,
2026-07-24T06:08:31.821678+00:00,359.853,True,10.11111111111111,449,449,1784873311.712819,
2026-07-24T06:08:36.928387+00:00,364.96,True,9.966666666666667,455,455,1784873316.8431573,
2026-07-24T06:08:42.004378+00:00,370.036,True,9.911111111111111,459,459,1784873321.9486098,
2026-07-24T06:08:47.164786+00:00,375.196,True,10.083333333333334,451,451,1784873327.040291,
2026-07-24T06:08:52.395082+00:00,380.426,True,9.963888888888889,457,457,1784873332.456377,
2026-07-24T06:08:57.868162+00:00,385.899,True,9.872222222222222,460,460,1784873337.9953744,
2026-07-24T06:09:03.564582+00:00,391.596,True,10.105555555555556,450,450,1784873343.6021965,
2026-07-24T06:09:08.846737+00:00,396.878,True,10.019444444444444,450,453,1784873348.7528558,
2026-07-24T06:09:13.930461+00:00,401.962,True,10.047222222222222,450,452,1784873353.8970551,
2026-07-24T06:09:19.042169+00:00,407.073,True,9.827777777777778,459,462,1784873359.0591972,
2026-07-24T06:09:24.480853+00:00,412.512,True,10.083333333333334,447,450,1784873364.3625998,
2026-07-24T06:09:29.560891+00:00,417.592,True,10.008333333333333,452,455,1784873369.4316194,
2026-07-24T06:09:34.581854+00:00,422.613,True,10.177777777777777,446,446,1784873374.4557238,
2026-07-24T06:09:39.611875+00:00,427.643,True,10.1,447,450,1784873379.6430173,
2026-07-24T06:09:44.806681+00:00,432.838,True,10.075,448,451,1784873384.7275445,
2026-07-24T06:09:49.950650+00:00,437.982,True,9.988888888888889,452,454,1784873389.8796487,
2026-07-24T06:09:55.209336+00:00,443.24,True,10.1,448,450,1784873395.225747,
2026-07-24T06:10:00.422732+00:00,448.454,True,9.936111111111112,455,458,1784873400.8611088,
2026-07-24T06:10:06.257764+00:00,454.289,True,9.994444444444444,451,454,1784873406.279392,
2026-07-24T06:10:11.571525+00:00,459.603,True,9.980555555555556,451,454,1784873411.5173528,
2026-07-24T06:10:16.769212+00:00,464.8,True,10.027777777777779,449,453,1784873417.1076996,
2026-07-24T06:10:22.494754+00:00,470.526,True,9.963888888888889,453,457,1784873422.4099586,
2026-07-24T06:10:27.569483+00:00,475.601,True,10.008333333333333,453,456,1784873427.4478526,
2026-07-24T06:10:32.589412+00:00,480.621,True,9.975,453,456,1784873432.4628952,
2026-07-24T06:10:37.625706+00:00,485.657,True,9.811111111111112,460,463,1784873437.519761,
2026-07-24T06:10:42.694165+00:00,490.725,True,10.019444444444444,450,454,1784873442.5896304,
2026-07-24T06:10:47.741427+00:00,495.773,True,10.05,450,453,1784873447.616501,
2026-07-24T06:10:52.769693+00:00,500.801,True,10.03888888888889,453,458,1784873452.660164,
2026-07-24T06:10:57.821864+00:00,505.853,True,10.08611111111111,449,451,1784873458.7288556,
2026-07-24T06:11:03.895669+00:00,511.927,True,10.091666666666667,447,450,1784873463.771702,
2026-07-24T06:11:08.950299+00:00,516.981,True,9.963888888888889,454,456,1784873468.9020045,
2026-07-24T06:11:14.162434+00:00,522.194,True,10.075,449,451,1784873474.432464,
2026-07-24T06:11:19.581912+00:00,527.613,True,10.03888888888889,446,451,1784873479.495798,
2026-07-24T06:11:24.670625+00:00,532.702,True,10.0,451,454,1784873484.60576,
2026-07-24T06:11:29.853196+00:00,537.884,True,9.988888888888889,452,455,1784873489.73702,
2026-07-24T06:11:34.911966+00:00,542.943,True,9.95,455,457,1784873494.7885306,
2026-07-24T06:11:39.979652+00:00,548.011,True,10.094444444444445,446,450,1784873499.9248683,
2026-07-24T06:11:45.101300+00:00,553.132,True,10.08611111111111,448,450,1784873505.0184336,
2026-07-24T06:11:50.164988+00:00,558.196,True,10.091666666666667,447,451,1784873510.083399,
2026-07-24T06:11:55.223121+00:00,563.254,True,10.091666666666667,448,451,1784873515.513058,
2026-07-24T06:12:01.043933+00:00,569.075,True,10.019444444444444,451,453,1784873521.075492,
2026-07-24T06:12:07.016762+00:00,575.048,True,10.108333333333333,447,449,1784873526.9377248,
2026-07-24T06:12:12.098029+00:00,580.129,True,9.877777777777778,458,460,1784873532.0062947,
2026-07-24T06:12:17.365689+00:00,585.397,True,9.897222222222222,456,459,1784873537.319307,
2026-07-24T06:12:22.468193+00:00,590.499,True,9.769444444444444,463,465,1784873542.3745883,
2026-07-24T06:12:27.596090+00:00,595.627,True,10.01388888888889,451,453,1784873547.685543,
2026-07-24T06:12:33.023885+00:00,601.055,True,10.044444444444444,449,452,1784873552.9133794,
2026-07-24T06:12:38.055249+00:00,606.086,True,9.794444444444444,460,464,1784873557.9416063,
2026-07-24T06:12:43.165532+00:00,611.197,True,9.808333333333334,462,464,1784873563.1470232,
2026-07-24T06:12:48.324172+00:00,616.355,True,9.744444444444444,462,466,1784873568.3560169,
2026-07-24T06:12:53.786556+00:00,621.818,True,10.133333333333333,445,449,1784873573.9293675,
2026-07-24T06:12:59.111145+00:00,627.142,True,10.097222222222221,447,450,1784873579.0984619,
2026-07-24T06:13:04.265380+00:00,632.297,True,10.041666666666666,451,453,1784873584.1610281,
2026-07-24T06:13:09.323331+00:00,637.354,True,10.105555555555556,448,451,1784873589.3657732,
2026-07-24T06:13:14.512601+00:00,642.544,True,10.069444444444445,449,451,1784873594.4827032,
2026-07-24T06:13:19.785049+00:00,647.816,True,10.005555555555556,452,455,1784873599.6792462,
2026-07-24T06:13:24.858798+00:00,652.89,True,9.813888888888888,458,463,1784873604.8007884,
2026-07-24T06:13:29.941215+00:00,657.972,True,9.972222222222221,454,456,1784873609.8783436,
2026-07-24T06:13:35.029019+00:00,663.06,True,10.077777777777778,447,451,1784873614.9659805,
2026-07-24T06:13:40.152314+00:00,668.183,True,10.083333333333334,450,452,1784873620.038837,
2026-07-24T06:13:45.184525+00:00,673.216,True,9.830555555555556,461,463,1784873625.056093,
2026-07-24T06:13:50.198219+00:00,678.229,True,10.080555555555556,447,449,1784873630.072138,
2026-07-24T06:13:55.223938+00:00,683.255,True,10.108333333333333,448,450,1784873635.1336694,
2026-07-24T06:14:00.299561+00:00,688.331,True,10.01388888888889,452,454,1784873640.1899102,
2026-07-24T06:14:05.326687+00:00,693.358,True,9.855555555555556,458,461,1784873645.290955,
2026-07-24T06:14:10.535967+00:00,698.567,True,9.825,460,462,1784873650.4380174,
2026-07-24T06:14:15.598022+00:00,703.629,True,9.791666666666666,464,465,1784873655.6034229,
2026-07-24T06:14:20.974889+00:00,709.006,True,9.880555555555556,458,460,1784873660.8831444,
2026-07-24T06:14:26.042384+00:00,714.074,True,10.019444444444444,452,454,1784873665.9472752,
2026-07-24T06:14:31.157671+00:00,719.189,True,9.894444444444444,457,460,1784873671.2671437,
2026-07-24T06:14:36.438131+00:00,724.469,True,10.08611111111111,448,451,1784873676.3630881,
2026-07-24T06:14:41.610585+00:00,729.642,True,10.027777777777779,451,453,1784873681.5189414,
2026-07-24T06:14:46.713825+00:00,734.743,True,10.066666666666666,450,451,1784873686.6344538,
2026-07-24T06:14:51.793056+00:00,739.824,True,9.991666666666667,454,455,1784873691.692791,
2026-07-24T06:14:56.915105+00:00,744.946,True,9.791666666666666,462,465,1784873696.786432,
2026-07-24T06:15:02.022546+00:00,750.054,True,9.883333333333333,458,460,1784873701.9936213,
2026-07-24T06:15:07.327403+00:00,755.359,True,9.758333333333333,464,466,1784873707.2265823,
2026-07-24T06:15:12.425004+00:00,760.456,True,10.083333333333334,449,451,1784873712.348353,
2026-07-24T06:15:17.526348+00:00,765.557,True,10.108333333333333,447,450,1784873717.4083586,
2026-07-24T06:15:22.585849+00:00,770.617,True,10.108333333333333,446,449,1784873722.55517,
2026-07-24T06:15:27.782578+00:00,775.814,True,10.072222222222223,449,452,1784873727.743274,
2026-07-24T06:15:32.948178+00:00,780.979,True,10.13888888888889,446,448,1784873733.0852168,
2026-07-24T06:15:38.342697+00:00,786.374,True,10.094444444444445,448,450,1784873738.236694,
2026-07-24T06:15:43.404225+00:00,791.435,True,10.041666666666666,449,452,1784873743.3060482,
2026-07-24T06:15:48.503114+00:00,796.534,True,9.96111111111111,454,456,1784873748.3886228,
2026-07-24T06:15:53.597959+00:00,801.629,True,9.83611111111111,462,464,1784873753.5009353,
2026-07-24T06:15:58.848095+00:00,806.879,True,9.811111111111112,461,464,1784873758.7522612,
2026-07-24T06:16:03.946799+00:00,811.978,True,9.802777777777777,454,456,1784873763.8744245,
2026-07-24T06:16:09.057817+00:00,817.089,True,10.113888888888889,448,450,1784873768.9334579,
2026-07-24T06:16:14.107771+00:00,822.139,True,10.077777777777778,449,451,1784873774.0036001,
2026-07-24T06:16:19.151830+00:00,827.183,True,9.830555555555556,459,462,1784873779.0261464,
2026-07-24T06:16:24.164157+00:00,832.195,True,10.016666666666667,451,454,1784873784.1185913,
2026-07-24T06:16:29.338925+00:00,837.37,True,10.044444444444444,449,453,1784873789.3062754,
2026-07-24T06:16:34.464150+00:00,842.495,True,10.083333333333334,449,450,1784873794.3504436,
2026-07-24T06:16:39.510966+00:00,847.542,True,10.105555555555556,448,450,1784873799.4728875,
2026-07-24T06:16:44.636092+00:00,852.667,True,9.925,455,457,1784873804.576794,
2026-07-24T06:16:49.754869+00:00,857.786,True,9.894444444444444,457,459,1784873809.7009673,
2026-07-24T06:16:54.848459+00:00,862.88,True,10.108333333333333,447,449,1784873814.7540007,
2026-07-24T06:16:59.896479+00:00,867.928,True,10.15,447,448,1784873819.7710595,
2026-07-24T06:17:04.919319+00:00,872.95,True,9.877777777777778,457,459,1784873824.799496,
2026-07-24T06:17:09.942654+00:00,877.974,True,10.019444444444444,446,449,1784873829.8245206,
2026-07-24T06:17:14.966220+00:00,882.997,True,10.088888888888889,448,450,1784873834.8429127,
2026-07-24T06:17:20.008862+00:00,888.04,True,10.052777777777777,449,451,1784873839.9953191,
2026-07-24T06:17:25.146499+00:00,893.178,True,9.786111111111111,462,464,1784873845.0356696,
2026-07-24T06:17:30.192534+00:00,898.224,True,10.041666666666666,450,452,1784873850.3209164,
2026-07-24T06:17:35.680905+00:00,903.712,True,10.102777777777778,447,450,1784873855.632853,
2026-07-24T06:17:40.881187+00:00,908.912,True,10.1,447,449,1784873860.7960777,
2026-07-24T06:17:45.986541+00:00,914.018,True,9.88888888888889,457,459,1784873865.8819783,
2026-07-24T06:17:51.067247+00:00,919.098,True,9.76388888888889,464,466,1784873870.96314,
2026-07-24T06:17:56.146499+00:00,924.178,True,10.052777777777777,451,453,1784873876.0848145,
2026-07-24T06:18:01.269553+00:00,929.301,True,10.075,449,451,1784873881.1803381,
2026-07-24T06:18:06.362477+00:00,934.394,True,10.075,449,451,1784873886.287447,
2026-07-24T06:18:11.432099+00:00,939.463,True,10.066666666666666,450,452,1784873891.3615732,
2026-07-24T06:18:16.545068+00:00,944.576,True,10.016666666666667,447,453,1784873896.5310166,
2026-07-24T06:18:21.723642+00:00,949.755,True,9.772222222222222,462,465,1784873901.6033463,
2026-07-24T06:18:26.746825+00:00,954.778,True,9.908333333333333,456,459,1784873906.682701,
2026-07-24T06:18:31.848201+00:00,959.879,True,10.044444444444444,449,452,1784873911.7248807,
2026-07-24T06:18:36.868844+00:00,964.9,True,10.105555555555556,447,450,1784873916.7616608,
2026-07-24T06:18:41.907193+00:00,969.938,True,10.066666666666666,443,451,1784873921.8546288,
2026-07-24T06:18:47.002278+00:00,975.033,True,9.811111111111112,459,465,1784873926.8797348,
2026-07-24T06:18:52.042553+00:00,980.074,True,10.088888888888889,445,451,1784873931.9303463,
2026-07-24T06:18:57.101587+00:00,985.133,True,10.113888888888889,447,450,1784873937.0110788,
2026-07-24T06:19:02.269830+00:00,990.301,True,10.102777777777778,442,451,1784873942.1716912,
2026-07-24T06:19:07.316819+00:00,995.348,True,9.8,458,463,1784873947.2285385,
2026-07-24T06:19:12.554609+00:00,1000.586,True,10.08611111111111,454,458,1784873952.4448855,
2026-07-24T06:19:17.594427+00:00,1005.626,True,9.858333333333333,459,463,1784873957.5063417,
2026-07-24T06:19:22.681318+00:00,1010.712,True,9.980555555555556,452,455,1784873962.6033936,
2026-07-24T06:19:27.881626+00:00,1015.913,True,9.975,452,456,1784873967.774867,
2026-07-24T06:19:32.934788+00:00,1020.966,True,10.063888888888888,446,451,1784873972.833395,
2026-07-24T06:19:38.004562+00:00,1026.036,True,10.083333333333334,445,450,1784873977.8820696,
2026-07-24T06:19:43.027940+00:00,1031.059,True,9.847222222222221,456,461,1784873982.9072104,
2026-07-24T06:19:48.056645+00:00,1036.088,True,9.96111111111111,453,458,1784873987.9893134,
2026-07-24T06:19:53.161199+00:00,1041.192,True,10.002777777777778,449,454,1784873993.0536058,
2026-07-24T06:19:58.205966+00:00,1046.237,True,10.063888888888888,449,452,1784873998.0885282,
2026-07-24T06:20:03.247172+00:00,1051.278,True,9.977777777777778,451,454,1784874003.309287,
2026-07-24T06:20:08.512750+00:00,1056.544,True,9.894444444444444,456,460,1784874008.4314125,
2026-07-24T06:20:13.610273+00:00,1061.641,True,9.858333333333333,456,462,1784874013.538257,
2026-07-24T06:20:18.715447+00:00,1066.747,True,10.005555555555556,451,455,1784874018.722663,
2026-07-24T06:20:23.982211+00:00,1072.013,True,9.997222222222222,450,454,1784874023.9405224,
2026-07-24T06:20:29.142778+00:00,1077.174,True,10.066666666666666,448,451,1784874029.0458643,
2026-07-24T06:20:34.197999+00:00,1082.229,True,10.072222222222223,447,451,1784874034.0901504,
2026-07-24T06:20:39.283189+00:00,1087.314,True,10.058333333333334,446,452,1784874039.1708062,
2026-07-24T06:20:44.315309+00:00,1092.346,True,9.991666666666667,450,456,1784874044.189297,
2026-07-24T06:20:49.338475+00:00,1097.37,True,10.105555555555556,445,450,1784874049.2167282,
2026-07-24T06:20:54.397946+00:00,1102.429,True,10.063888888888888,448,452,1784874054.2788308,
2026-07-24T06:20:59.467432+00:00,1107.499,True,10.033333333333333,448,453,1784874059.413693,
2026-07-24T06:21:04.580394+00:00,1112.612,True,9.947222222222223,455,457,1784874064.4630733,
2026-07-24T06:21:09.622941+00:00,1117.654,True,10.066666666666666,448,452,1784874069.515679,
2026-07-24T06:21:14.672263+00:00,1122.703,True,9.802777777777777,446,452,1784874074.8670952,
2026-07-24T06:21:20.106004+00:00,1128.137,True,10.13888888888889,443,449,1784874080.0070732,
2026-07-24T06:21:25.162679+00:00,1133.194,True,10.13888888888889,446,449,1784874085.0882962,
2026-07-24T06:21:30.297431+00:00,1138.329,True,10.11111111111111,444,450,1784874090.38612,
2026-07-24T06:21:35.760678+00:00,1143.792,True,10.005555555555556,450,454,1784874095.665664,
2026-07-24T06:21:40.813286+00:00,1148.844,True,9.919444444444444,456,459,1784874100.8358943,
2026-07-24T06:21:46.024183+00:00,1154.055,True,10.102777777777778,445,450,1784874105.9433935,
2026-07-24T06:21:51.107630+00:00,1159.139,True,10.108333333333333,447,450,1784874111.0125663,
2026-07-24T06:21:56.180476+00:00,1164.212,True,9.944444444444445,452,456,1784874116.0599546,
2026-07-24T06:22:01.212396+00:00,1169.244,True,10.11111111111111,447,451,1784874121.3612533,
2026-07-24T06:22:06.802624+00:00,1174.834,True,10.091666666666667,445,450,1784874126.6984897,
2026-07-24T06:22:12.017649+00:00,1180.049,True,10.147222222222222,443,448,1784874131.907263,
2026-07-24T06:22:17.065473+00:00,1185.097,True,10.047222222222222,450,453,1784874136.9468913,
2026-07-24T06:22:22.096539+00:00,1190.128,True,9.813888888888888,459,464,1784874141.9704652,
2026-07-24T06:22:27.112003+00:00,1195.143,True,9.944444444444445,453,457,1784874147.049057,
2026-07-24T06:22:32.218332+00:00,1200.249,True,10.102777777777778,444,449,1784874152.1420095,
2026-07-24T06:22:37.300943+00:00,1205.332,True,10.088888888888889,445,451,1784874157.1926382,
2026-07-24T06:22:42.362484+00:00,1210.394,True,10.091666666666667,445,450,1784874162.2951813,
2026-07-24T06:22:47.443454+00:00,1215.475,True,10.002777777777778,451,454,1784874167.3336408,
2026-07-24T06:22:52.465257+00:00,1220.496,True,9.808333333333334,458,463,1784874172.3585377,
2026-07-24T06:22:57.520482+00:00,1225.552,True,10.091666666666667,449,451,1784874177.3964114,
2026-07-24T06:23:02.557362+00:00,1230.588,True,10.069444444444445,447,451,1784874182.4452946,
2026-07-24T06:23:07.600580+00:00,1235.632,True,9.963888888888889,453,456,1784874187.4808018,
2026-07-24T06:23:12.614838+00:00,1240.646,True,9.755555555555556,463,466,1784874192.4928193,
2026-07-24T06:23:17.642222+00:00,1245.673,True,10.069444444444445,449,452,1784874197.5349262,
2026-07-24T06:23:22.710204+00:00,1250.741,True,10.033333333333333,451,453,1784874202.5831537,
2026-07-24T06:23:27.734067+00:00,1255.765,True,9.819444444444445,459,462,1784874207.6173203,
2026-07-24T06:23:32.798045+00:00,1260.829,True,9.747222222222222,463,467,1784874212.7198503,
2026-07-24T06:23:37.992683+00:00,1266.024,True,9.869444444444444,458,461,1784874217.8858082,
2026-07-24T06:23:43.105961+00:00,1271.137,True,9.794444444444444,460,465,1784874223.0364227,
2026-07-24T06:23:48.198085+00:00,1276.229,True,9.905555555555555,454,459,1784874228.2431598,
2026-07-24T06:23:53.416601+00:00,1281.448,True,9.852777777777778,457,461,1784874233.3786895,
2026-07-24T06:23:58.627095+00:00,1286.658,True,10.091666666666667,449,452,1784874238.5238647,
2026-07-24T06:24:03.687476+00:00,1291.719,True,10.094444444444445,448,450,1784874243.6063228,
2026-07-24T06:24:08.794223+00:00,1296.825,True,10.044444444444444,448,451,1784874248.6807098,
2026-07-24T06:24:13.907153+00:00,1301.938,True,10.094444444444445,446,450,1784874253.870372,
2026-07-24T06:24:19.022898+00:00,1307.054,True,9.705555555555556,465,468,1784874258.9052699,
2026-07-24T06:24:24.112512+00:00,1312.144,True,9.877777777777778,458,461,1784874264.0315642,
2026-07-24T06:24:29.192046+00:00,1317.223,True,10.141666666666667,444,448,1784874269.0812502,
2026-07-24T06:24:34.239207+00:00,1322.27,True,10.083333333333334,449,451,1784874274.1527274,
2026-07-24T06:24:39.305126+00:00,1327.336,True,10.011111111111111,452,454,1784874279.198463,
2026-07-24T06:24:44.331283+00:00,1332.362,True,10.08611111111111,447,452,1784874284.2126074,
2026-07-24T06:24:49.372747+00:00,1337.404,True,10.13888888888889,445,449,1784874289.3127856,
2026-07-24T06:24:54.469400+00:00,1342.501,True,10.11111111111111,448,450,1784874294.410537,
2026-07-24T06:24:59.619143+00:00,1347.65,True,10.027777777777779,450,453,1784874299.5352504,
2026-07-24T06:25:04.761957+00:00,1352.793,True,10.030555555555555,451,454,1784874304.7248213,
2026-07-24T06:25:09.902042+00:00,1357.933,True,10.055555555555555,447,451,1784874309.8064337,
2026-07-24T06:25:14.955007+00:00,1362.986,True,10.061111111111112,448,451,1784874315.0167794,
2026-07-24T06:25:20.179125+00:00,1368.21,True,9.916666666666666,457,460,1784874320.08119,
2026-07-24T06:25:25.231860+00:00,1373.263,True,10.113888888888889,446,449,1784874325.1326551,
2026-07-24T06:25:30.312123+00:00,1378.343,True,10.122222222222222,447,450,1784874330.200035,
2026-07-24T06:25:35.379343+00:00,1383.41,True,10.1,446,450,1784874335.2925625,
2026-07-24T06:25:40.434639+00:00,1388.466,True,9.805555555555555,455,459,1784874340.321912,
2026-07-24T06:25:45.470236+00:00,1393.501,True,10.127777777777778,446,449,1784874345.398973,
2026-07-24T06:25:50.595017+00:00,1398.626,True,10.069444444444445,448,451,1784874350.4699724,
2026-07-24T06:25:55.609903+00:00,1403.641,True,10.044444444444444,445,452,1784874355.517122,
2026-07-24T06:26:00.656903+00:00,1408.688,True,9.852777777777778,457,461,1784874360.5379155,
2026-07-24T06:26:05.687543+00:00,1413.719,True,9.883333333333333,456,460,1784874365.567354,
2026-07-24T06:26:10.709049+00:00,1418.74,True,10.033333333333333,448,453,1784874370.5974185,
2026-07-24T06:26:15.790526+00:00,1423.822,True,10.019444444444444,451,453,1784874375.6801665,
2026-07-24T06:26:20.820472+00:00,1428.852,True,9.73611111111111,464,466,1784874380.69764,
2026-07-24T06:26:25.835834+00:00,1433.867,True,9.825,459,463,1784874385.7195108,
2026-07-24T06:26:30.857205+00:00,1438.888,True,10.080555555555556,449,451,1784874390.7457886,
2026-07-24T06:26:35.941320+00:00,1443.972,True,10.094444444444445,447,450,1784874395.8308873,
2026-07-24T06:26:40.984806+00:00,1449.016,True,9.811111111111112,459,463,1784874400.8672085,
2026-07-24T06:26:46.147173+00:00,1454.178,True,9.791666666666666,460,463,1784874406.0328496,
2026-07-24T06:26:51.163712+00:00,1459.195,True,9.863888888888889,448,451,1784874411.0501602,
2026-07-24T06:26:56.190868+00:00,1464.222,True,10.105555555555556,445,450,1784874416.1061907,
2026-07-24T06:27:01.263751+00:00,1469.295,True,10.1,446,450,1784874421.159433,
2026-07-24T06:27:06.290855+00:00,1474.322,True,10.044444444444444,451,453,1784874426.3199573,
2026-07-24T06:27:11.494212+00:00,1479.525,True,9.783333333333333,462,465,1784874431.422917,
2026-07-24T06:27:16.572695+00:00,1484.604,True,10.069444444444445,446,452,1784874436.5278764,
2026-07-24T06:27:21.736945+00:00,1489.768,True,10.005555555555556,451,454,1784874441.6874802,
2026-07-24T06:27:26.831761+00:00,1494.863,True,9.969444444444445,453,456,1784874446.710274,
2026-07-24T06:27:31.847309+00:00,1499.878,True,10.041666666666666,447,453,1784874451.747485,
2026-07-24T06:27:36.934334+00:00,1504.965,True,10.03888888888889,450,452,1784874456.8137739,
2026-07-24T06:27:41.957618+00:00,1509.989,True,10.025,450,454,1784874461.8419788,
2026-07-24T06:27:46.992694+00:00,1515.024,True,9.983333333333333,453,456,1784874466.9215016,
2026-07-24T06:27:52.079182+00:00,1520.11,True,9.930555555555555,454,457,1784874472.121889,
2026-07-24T06:27:57.552954+00:00,1525.584,True,9.791666666666666,458,463,1784874477.4344144,
2026-07-24T06:28:02.606035+00:00,1530.637,True,9.8,451,455,1784874482.5755239,
2026-07-24T06:28:07.750102+00:00,1535.781,True,10.08611111111111,448,451,1784874487.677138,
2026-07-24T06:28:12.816654+00:00,1540.848,True,10.044444444444444,449,452,1784874492.6962821,
2026-07-24T06:28:17.831934+00:00,1545.863,True,9.813888888888888,461,464,1784874497.749469,
2026-07-24T06:28:22.886971+00:00,1550.918,True,10.127777777777778,446,449,1784874502.7645783,
2026-07-24T06:28:27.901541+00:00,1555.933,True,9.927777777777777,456,459,1784874507.7785215,
2026-07-24T06:28:32.913048+00:00,1560.944,True,10.083333333333334,447,450,1784874512.7917433,
2026-07-24T06:28:37.925584+00:00,1565.957,True,10.066666666666666,447,451,1784874517.8033123,
2026-07-24T06:28:42.935849+00:00,1570.967,True,10.022222222222222,453,455,1784874522.8144515,
2026-07-24T06:28:47.973015+00:00,1576.004,True,10.083333333333334,449,451,1784874527.9691129,
2026-07-24T06:28:53.116795+00:00,1581.148,True,10.044444444444444,455,457,1784874533.0552673,
2026-07-24T06:28:58.214991+00:00,1586.246,True,9.758333333333333,465,467,1784874538.122252,
2026-07-24T06:29:03.277545+00:00,1591.309,True,10.002777777777778,453,455,1784874543.2809289,
2026-07-24T06:29:08.486834+00:00,1596.518,True,10.208333333333334,442,445,1784874548.374775,
2026-07-24T06:29:13.534998+00:00,1601.566,False,9.977777777777778,0,456,,lidar data timeout; reconnecting
2026-07-24T06:29:18.717657+00:00,1606.749,False,9.977777777777778,0,456,,lidar data timeout; reconnecting
2026-07-24T06:29:23.771634+00:00,1611.803,False,9.977777777777778,0,456,,lidar data timeout; reconnecting
2026-07-24T06:29:28.798092+00:00,1616.829,False,9.977777777777778,0,456,,lidar data timeout; reconnecting
2026-07-24T06:29:33.868722+00:00,1621.9,False,9.977777777777778,0,456,,lidar data timeout; reconnecting
2026-07-24T06:29:39.007361+00:00,1627.039,False,9.977777777777778,0,456,,lidar data timeout; reconnecting
2026-07-24T06:29:44.039618+00:00,1632.071,False,9.977777777777778,0,456,,lidar data timeout; reconnecting
2026-07-24T06:29:49.103046+00:00,1637.134,False,9.977777777777778,0,456,,lidar data timeout; reconnecting
2026-07-24T06:29:54.356536+00:00,1642.387,False,9.977777777777778,0,456,,lidar data timeout; reconnecting
2026-07-24T06:29:59.426998+00:00,1647.458,False,9.977777777777778,0,456,,lidar data timeout; reconnecting
2026-07-24T06:30:04.495689+00:00,1652.527,False,9.977777777777778,0,456,,lidar data timeout; reconnecting
2026-07-24T06:30:09.605579+00:00,1657.637,False,9.977777777777778,0,456,,lidar data timeout; reconnecting
2026-07-24T06:30:14.673287+00:00,1662.704,False,9.977777777777778,0,456,,lidar data timeout; reconnecting
2026-07-24T06:30:19.694798+00:00,1667.726,False,9.977777777777778,0,456,,lidar data timeout; reconnecting
2026-07-24T06:30:24.757554+00:00,1672.789,False,9.977777777777778,0,456,,lidar data timeout; reconnecting
2026-07-24T06:30:29.786256+00:00,1677.817,False,9.977777777777778,0,456,,lidar data timeout; reconnecting
2026-07-24T06:30:34.809896+00:00,1682.841,False,9.977777777777778,0,456,,lidar data timeout; reconnecting
2026-07-24T06:30:39.837280+00:00,1687.868,False,9.977777777777778,0,456,,lidar data timeout; reconnecting
2026-07-24T06:30:44.859896+00:00,1692.891,False,9.977777777777778,0,456,,lidar data timeout; reconnecting
2026-07-24T06:30:49.880408+00:00,1697.912,False,9.977777777777778,0,456,,lidar data timeout; reconnecting
2026-07-24T06:30:54.892726+00:00,1702.924,False,9.977777777777778,0,456,,lidar data timeout; reconnecting
2026-07-24T06:30:59.923257+00:00,1707.954,False,9.977777777777778,0,456,,lidar data timeout; reconnecting
2026-07-24T06:31:04.943956+00:00,1712.975,False,9.977777777777778,0,456,,lidar data timeout; reconnecting
2026-07-24T06:31:09.957862+00:00,1717.989,False,9.977777777777778,0,456,,lidar data timeout; reconnecting
2026-07-24T06:31:14.970670+00:00,1723.002,False,9.977777777777778,0,456,,lidar data timeout; reconnecting
2026-07-24T06:31:19.981182+00:00,1728.012,False,9.977777777777778,0,456,,lidar data timeout; reconnecting
2026-07-24T06:31:25.051182+00:00,1733.082,False,9.977777777777778,0,456,,lidar data timeout; reconnecting
2026-07-24T06:31:30.065864+00:00,1738.097,False,9.977777777777778,0,456,,lidar data timeout; reconnecting
2026-07-24T06:31:35.112672+00:00,1743.144,False,9.977777777777778,0,456,,lidar data timeout; reconnecting
2026-07-24T06:31:40.161205+00:00,1748.192,False,9.977777777777778,0,456,,lidar data timeout; reconnecting
2026-07-24T06:31:45.252495+00:00,1753.284,False,9.977777777777778,0,456,,lidar data timeout; reconnecting
2026-07-24T06:31:50.360466+00:00,1758.392,False,9.977777777777778,0,456,,lidar data timeout; reconnecting
2026-07-24T06:31:55.528783+00:00,1763.56,False,9.977777777777778,0,456,,lidar data timeout; reconnecting
2026-07-24T06:32:00.688103+00:00,1768.719,False,9.977777777777778,0,456,,lidar data timeout; reconnecting
2026-07-24T06:32:05.765290+00:00,1773.796,False,9.977777777777778,0,456,,lidar data timeout; reconnecting
2026-07-24T06:32:10.835852+00:00,1778.867,False,9.977777777777778,0,456,,lidar data timeout; reconnecting
2026-07-24T06:32:15.855667+00:00,1783.887,False,9.977777777777778,0,456,,lidar data timeout; reconnecting
2026-07-24T06:32:20.864322+00:00,1788.895,False,9.977777777777778,0,456,,lidar data timeout; reconnecting
2026-07-24T06:32:25.882812+00:00,1793.914,False,9.977777777777778,0,456,,lidar data timeout; reconnecting
2026-07-24T06:32:30.939696+00:00,1798.971,False,9.977777777777778,0,456,,lidar data timeout; reconnecting
